RegionID,SizeRank,RegionName,RegionType,StateName,1/31/2018,2/28/2018,3/31/2018,4/30/2018,5/31/2018,6/30/2018,7/31/2018,8/31/2018,9/30/2018,10/31/2018,11/30/2018,12/31/2018,1/31/2019,2/28/2019,3/31/2019,4/30/2019,5/31/2019,6/30/2019,7/31/2019,8/31/2019,9/30/2019,10/31/2019,11/30/2019,12/31/2019,1/31/2020,2/29/2020,3/31/2020,4/30/2020,5/31/2020,6/30/2020,7/31/2020,8/31/2020,9/30/2020,10/31/2020,11/30/2020,12/31/2020,1/31/2021,2/28/2021,3/31/2021,4/30/2021,5/31/2021
102001,0,United States,Country,,271600,272967,279333,288667,295633,299267,299897,299597,299130,298467,297100,294233,291567,292933,297967,306333,314167,320600,322233,319733,315300,311967,306967,303267,299800,301467,306500,312922,320255,327755,334833,339833,342113,343091,342091,337312,332967,333300,340963,354330,367663
394913,1,"New York, NY",Msa,NY,517633,522967,534333,544667,554667,560000,560000,554667,549667,549667,550000,549667,549333,549333,554667,563333,573300,578267,578267,574633,573000,574333,577667,579000,577667,579633,586300,594300,599000,602333,612633,629300,642667,649367,652367,656000,662333,668000,673000,673333,668300
753899,2,"Los Angeles-Long Beach-Anaheim, CA",Msa,CA,797667,802267,815933,832933,846633,849633,841300,824267,801267,784600,771633,761600,752933,749633,759667,776629,801963,821963,838000,845667,845666,845933,845933,848933,849333,865000,882000,885333,880996,890663,922330,953000,963000,969667,974633,987967,995633,998667,999312,999975,1000242
394463,3,"Chicago, IL",Msa,IL,301000,305967,319300,335967,345967,347967,343300,336500,329833,324800,318300,309933,303267,306600,319633,336000,345667,347667,344333,337967,331300,324933,319600,311267,306300,309967,319967,327967,331333,336333,343300,348300,349967,349667,346000,340177,332177,332510,338300,346633,353093
394514,4,"Dallas-Fort Worth, TX",Msa,TX,342000,345333,351663,359818,366151,365988,359467,350983,344450,341117,339600,337967,335500,335800,340767,348267,354933,356300,354577,349543,344877,341600,339997,338330,335327,334660,336327,339297,343217,348217,354883,358267,359933,358630,355993,352660,350993,353630,359960,369597,379630
394974,5,"Philadelphia, PA",Msa,PA,252633,249633,253433,260400,269733,275967,279300,278267,276233,274433,271633,266167,258000,254133,257967,267633,279147,287780,293113,293300,293333,293633,293633,290300,286633,286600,289933,294633,301333,311333,323333,333000,336300,337933,334933,331600,324933,321600,321633,326667,332467
394692,6,"Houston, TX",Msa,TX,323881,326348,329765,334632,338165,339667,336467,331467,325018,321552,318218,316500,315000,316333,319667,324667,328833,330221,328521,324654,320397,317597,315263,312897,310393,309760,312647,315111,319777,324126,330332,335298,339967,341263,340756,337089,335125,334662,339662,347993,358663
395209,7,"Washington, DC",Msa,DC,431360,431030,441367,452667,464667,474667,479667,476333,466663,461630,456597,449900,443233,443267,454967,471667,488000,496000,495667,489300,484633,483460,485160,483460,481633,486600,501600,513233,522933,531300,543000,549967,546633,539967,531500,524830,518163,514997,514667,521338,527171
394856,8,"Miami-Fort Lauderdale, FL",Msa,FL,398604,398604,399950,401295,402944,403280,403582,403280,402944,402641,401632,400286,398941,398604,399950,401295,402977,403313,405332,405450,405450,403768,403650,403650,403650,403650,405332,404995,404659,402641,402977,404962,406980,408763,407565,404667,401663,399963,401630,409967,425000
394347,9,"Atlanta, GA",Msa,GA,309936,314817,323484,335327,344667,349633,344800,337800,329500,324826,320626,317259,313733,313267,316800,326500,337833,344333,344407,339652,334618,330212,326967,325000,323667,323667,325667,327252,330585,336711,344459,351126,354667,356333,354667,351633,349967,353267,361633,378267,391633
394404,10,"Boston, MA",Msa,MA,540965,543298,563633,583333,597667,595967,579600,556567,539600,535633,535600,530933,528233,533300,549967,571333,589333,596000,594633,586633,579967,576333,576333,576300,574967,582967,597967,606267,614900,623233,639900,648233,649900,656600,662967,664967,664633,671600,682933,691600,694933
395057,11,"San Francisco, CA",Msa,CA,807667,824333,857667,899667,924667,937667,921000,880333,850667,842333,838000,820000,799333,802667,830667,867667,901000,907983,904946,886613,886296,889333,895667,879000,862500,874500,899833,916333,924667,948833,982167,998167,998667,998667,998840,995507,991840,988667,988333,991667,993667
394532,12,"Detroit, MI",Msa,MI,219933,218267,224933,238633,253633,263333,264633,259600,251600,244633,237967,231267,226600,226600,233300,246600,259933,269900,271267,267633,258633,248933,239267,231633,225667,223967,227300,233267,244634,261134,277800,286467,283300,278300,271633,266300,261333,264000,272667,285967,294933
395025,13,"Riverside, CA",Msa,CA,391000,393833,397167,402833,406633,409967,409933,406633,403300,399966,399633,398633,398333,398633,402967,408300,415000,419967,423300,423300,420000,416667,415000,414833,414833,418167,423000,426333,428000,434667,446333,461333,471667,480000,485000,490000,491633,493300,494937,506637,519970
394976,14,"Phoenix, AZ",Msa,AZ,332633,338300,346422,351722,354722,353267,349967,344966,341633,339633,339300,339300,341266,343933,347300,351667,355967,359300,359963,360997,362663,364333,366663,369963,375963,382600,388967,384600,379633,378300,388300,396633,399967,399967,399633,399600,401967,405600,413967,423546,436913
395078,15,"Seattle, WA",Msa,WA,508147,524980,554663,579333,595983,598300,590300,578633,566300,562966,557983,557331,560665,577315,601633,626617,641617,643300,634983,624650,616317,614633,616317,621300,631283,648250,664600,664300,661000,661000,669667,672967,664967,654297,640997,637330,641333,656333,673000,688000,702330
394865,16,"Minneapolis-St Paul, MN",Msa,MN,354998,372301,387845,393427,391693,383813,375144,367897,360269,356454,351565,351531,357044,369215,384818,393487,395221,388320,382634,373965,368729,362280,361898,361933,368903,379652,390051,393518,393379,393379,395078,393483,386552,378923,370290,370255,371321,379927,388133,392967,392967
395056,17,"San Diego, CA",Msa,CA,704333,721000,735667,749333,749592,749592,742592,725967,706267,689933,681633,676667,676333,681317,692983,712983,732667,745667,746000,746000,746000,745629,742296,742296,744333,754333,768000,769633,768300,778300,811633,833300,831633,819333,809000,809000,813000,833000,844667,859333,856333
395121,18,"St. Louis, MO",Msa,MO,190800,191267,196433,204800,213133,218267,219667,219367,219067,217667,214667,209967,206300,207933,216267,227933,237967,243000,244167,242467,240767,238267,234933,230300,229300,232633,238933,244233,250600,256600,260633,260453,258786,257120,254267,250267,248600,253933,263300,273933,276590
395148,19,"Tampa, FL",Msa,FL,260830,260830,262473,265828,270693,273916,273884,270984,267761,264571,262605,260317,259673,259673,262928,268406,276172,281328,282907,281615,280294,279972,278364,276462,273709,273677,274640,274525,276137,280007,286452,292897,297087,301920,301953,300986,299442,299510,303567,313267,329633
394358,20,"Baltimore, MD",Msa,MD,303233,299900,304933,313300,326633,337967,345967,345967,341633,335300,328666,320000,313333,311667,316667,327663,339330,347663,350500,350467,347100,341600,334800,328133,323100,323233,329933,339600,347967,356300,363300,364967,361633,355000,348300,341567,334529,334529,339596,346633,355000
394530,21,"Denver, CO",Msa,CO,,,,,,,,,494667,487667,481000,477667,481333,492205,507538,519205,523333,521667,516667,509967,502967,497967,497967,500300,510300,526967,541633,544967,541667,541667,548330,551663,545330,533667,523666,524996,531663,544607,557943,576277,591997
394982,22,"Pittsburgh, PA",Msa,PA,171600,169933,173233,177267,182900,184600,183900,181600,179900,178267,175933,172630,170930,170930,175600,182267,189933,195233,198567,199600,198933,195600,190933,184933,183266,185633,192300,197300,204767,214767,226633,233133,233167,233000,231633,231300,229600,232633,236300,243000,246667
394998,23,"Portland, OR",Msa,OR,464101,470569,477054,483491,485108,485092,481857,475356,467270,460802,457567,455950,457567,460802,467270,472154,475418,475434,473331,470068,465233,460866,457664,457664,460898,468984,475421,474783,473153,474770,483025,486272,489491,494779,504320,513748,520560,524300,532967,549000,570333
394458,24,"Charlotte, NC",Msa,NC,337967,338000,343000,349667,356300,358845,355828,349858,342980,336330,331000,326967,325300,328300,335000,343333,351633,356291,356291,352291,346933,344200,341567,342067,342967,346300,351167,352967,357633,362967,374277,379956,382641,379567,377554,374870,374663,376963,383597,395267,407633
395045,25,"Sacramento, CA",Msa,CA,462300,467375,475709,483828,490453,490620,486500,479833,472833,466167,459467,456300,458300,466333,481000,492650,504617,513267,521583,522950,517933,509633,503296,504996,511330,521000,527541,527871,527191,528650,538320,547667,559086,567753,577753,585000,593000,596333,593000,601667,610000
395055,26,"San Antonio, TX",Msa,TX,279967,280000,283000,288667,295133,298466,297800,293333,288300,283300,281327,280509,280509,280449,281633,284967,289997,293163,293130,289800,286600,283297,281297,278993,278497,278830,282500,286100,290100,293733,297300,299933,299477,296967,293000,288490,286333,287000,291663,297995,303828
394943,27,"Orlando, FL",Msa,FL,299900,302933,309500,317867,323200,325000,324967,323267,319933,314933,308300,303267,299933,299933,303300,310000,318333,323333,325000,325000,325300,325300,325300,324997,324930,326563,328233,325267,321963,320297,324997,328333,330637,331637,331636,330966,328300,326633,328333,335000,343333
394466,28,"Cincinnati, OH",Msa,OH,218300,219967,231600,248267,261600,267467,265800,259133,251633,244967,241333,236300,232967,236633,249967,266300,279600,285967,287967,284333,278633,271967,265600,261300,261267,269600,283233,294933,308300,321633,333300,334633,327667,321000,314250,312580,313913,321660,333330,347993,362463
394475,29,"Cleveland, OH",Msa,OH,161233,161567,164900,171267,176267,181300,183300,183300,181600,179867,178233,176567,174933,176567,179900,185371,191737,196737,199300,196267,192933,188267,184933,181600,179900,180767,185800,192167,201300,209600,218267,221300,214667,206300,196600,192567,190767,197433,211133,226267,235800
394735,30,"Kansas City, MO",Msa,MO,254276,259910,269077,274093,276500,275667,274500,272133,272967,280800,287483,293317,296617,306633,319950,331317,337950,336300,329967,319967,313133,308783,305483,302317,306633,316897,333222,342922,352658,359633,364950,361617,353317,345663,342330,340663,343300,354950,371583,386617,394933
394775,31,"Las Vegas, NV",Msa,NV,290967,292633,295633,306300,324333,341333,349333,347967,341300,333300,324967,321600,318266,314966,312666,313633,317633,321633,324000,324833,323166,321500,320000,320000,321633,326300,334633,336000,333940,330606,335906,341633,344967,346333,347300,347300,345967,346000,355000,371997,394330
394492,32,"Columbus, OH",Msa,OH,253933,268133,284800,302433,311600,316933,315267,306933,294933,283267,274867,268233,264900,269967,286633,306633,319967,325800,325833,320167,309330,295163,285797,280133,282600,292300,306267,316267,326567,336567,344933,341600,329967,323267,321600,325587,326283,331283,338963,347963,351660
394705,33,"Indianapolis, IN",Msa,IN,210467,215267,227233,251600,272600,284283,279950,270317,260300,249600,239933,233183,229883,234883,248300,266633,281600,286633,284933,279933,274933,269933,264633,257967,256330,261163,272830,282800,291630,302263,311446,316450,310483,301300,289600,281600,278267,281267,289567,297900,301600
395059,34,"San Jose, CA",Msa,CA,1066000,1098667,1148667,1206000,1243333,1259833,1242833,1199333,1149500,1115833,1082333,1048333,1015296,1031963,1065963,1112667,1139000,1155667,1142667,1116333,1099333,1099000,1095629,1072079,1071746,1106117,1163296,1188963,1191046,1207750,1237750,1255000,1254667,1246333,1246333,1229666,1216266,1216267,1233600,1250333,1266667
394355,35,"Austin, TX",Msa,TX,366937,368834,373225,377975,379403,379444,376309,370135,363803,359053,355855,351423,348591,350206,357330,366811,373143,370768,362220,353351,347018,343514,341143,337977,338286,342228,352927,360857,369422,379301,390713,400713,407978,414215,418820,419347,419791,428519,444297,467933,484917
395194,36,"Virginia Beach, VA",Msa,VA,259290,259226,262107,266640,271852,275446,277744,277777,277453,275154,273374,271431,272111,275187,280367,286162,289690,291277,291277,291277,290985,290694,290694,290985,291277,291309,294546,299403,305876,311704,316560,319767,318828,317853,314048,308797,302933,299917,301613,306643,309960
394902,37,"Nashville, TN",Msa,TN,380086,381474,383166,385570,385570,383877,380390,373924,369184,365867,364174,362176,360602,360602,362261,365562,370335,373721,373213,370132,366747,365223,363226,360518,357471,357775,360484,363835,368609,373721,380492,384182,387567,388989,388854,387127,385758,392277,401592,414592,427928
395005,38,"Providence, RI",Msa,RI,346011,347794,353074,360066,365310,367023,367058,367058,367058,365292,361447,356238,354472,357968,366359,376183,383490,387301,387965,387965,387650,385937,382441,375763,370519,373701,384189,394642,401949,408942,419430,424674,421213,410724,400271,396425,396608,407136,409633,413300,413000
394862,39,"Milwaukee, WI",Msa,WI,216567,218933,227267,238933,249900,257433,260100,256767,250933,244933,238300,233267,231600,234767,238100,238133,237967,237967,239600,239900,236567,231600,224967,219967,218267,221567,229933,239933,249933,258233,263200,259867,253233,244933,239967,234933,231600,231267,236467,246467,265100
394714,40,"Jacksonville, FL",Msa,FL,300963,304930,309963,314633,316528,316495,313162,307963,302663,297997,296167,296133,296133,297633,299667,304667,311667,313767,310434,303734,299633,299433,299130,298138,298305,301608,306267,307114,309114,311781,317300,318667,317667,314633,308300,304967,304967,309963,316630,325993,337652
394849,41,"Memphis, TN",Msa,TN,187575,182804,181246,184140,187321,194924,200013,205611,207234,208792,208919,206057,202904,200710,203541,208315,215949,221070,224251,224108,223790,223758,223901,224219,222661,222629,225778,230549,236211,241651,248012,251923,248106,244925,243305,243273,242127,238957,239467,242000,248833
394935,42,"Oklahoma City, OK",Msa,OK,236072,238227,243031,248216,252714,253713,253713,250963,248935,247210,247213,247180,249558,254365,262949,271491,278015,279422,277439,272941,269817,267757,267791,267791,269508,273628,279122,282672,287136,294038,299724,301269,297554,295013,292447,290634,289580,292728,299953,311433,318121
394807,43,"Louisville-Jefferson County, KY",Msa,KY,232000,240300,253933,266567,274600,276600,274800,271467,267833,265700,261833,256833,254100,257267,266900,278567,287600,291267,289633,284633,277967,269600,259933,252267,248800,253433,264681,278148,290148,296567,299600,297265,288932,279232,268233,263233,259933,264933,273267,283217,289917
394669,44,"Hartford, CT",Msa,CT,267833,272167,280467,286267,289900,289933,289933,289633,287933,286267,283233,281567,279900,281900,285267,291933,296617,302950,302950,302633,298933,297167,294133,291333,289133,289166,294333,301633,311632,319932,329932,336567,336567,333233,328267,325300,325333,330300,339933,348233,351567
395022,45,"Richmond, VA",Msa,VA,297908,298798,306422,318112,325832,329235,329545,327324,322546,315706,311052,309299,309265,311001,319628,331676,343672,348484,349188,344720,338275,330713,326589,326468,329218,334374,341266,350202,359957,370114,377315,381327,380175,379678,380308,383703,387037,391123,394873,396526,393483
394910,46,"New Orleans, LA",Msa,LA,246000,242910,243543,249877,257600,262633,264133,262800,260467,257600,254300,251633,250000,252192,256858,263492,269600,272733,272733,270767,269300,268667,268000,266533,263867,262867,264667,269667,276467,282800,289100,294267,297600,299467,299467,299767,298933,298633,300333,309633,319633
394425,47,"Buffalo, NY",Msa,NY,169751,171400,177997,186275,192871,196169,197785,196993,195377,192079,187924,182944,179679,180699,184030,190593,196828,202732,206063,203754,200819,196861,193267,190265,187594,187891,191189,197488,207382,217276,223873,223873,220575,218125,215230,212336,209259,219296,232967,249600,256567
395012,48,"Raleigh, NC",Msa,NC,357933,359633,366633,376633,383299,383299,381299,377933,374300,367633,362000,357333,355667,356333,363000,373333,383300,386633,383600,378600,375233,373233,369026,364026,360692,363233,369600,373589,379289,384623,393967,399933,403697,402587,398287,395413,395220,399187,404597,412267,418600
394388,49,"Birmingham, AL",Msa,AL,207050,207750,215383,226967,236267,239600,239900,239900,238267,234633,231000,229300,229600,233233,239900,249900,258600,265267,270307,271640,272362,272123,272090,269735,266600,265933,267567,269233,273233,278167,282200,282067,277167,274683,273150,276150,277633,280050,281148,286648,292265
395053,50,"Salt Lake City, UT",Msa,UT,416922,422205,429676,435706,442857,446734,448175,446041,441060,433732,428431,425976,426110,429668,437103,449598,460591,467563,465785,460484,455290,453511,454045,457638,464204,476086,484944,483715,480157,482160,492832,498204,497980,495525,500488,512246,,,,,
395031,51,"Rochester, NY",Msa,NY,186861,194121,204502,216807,225881,230019,226426,219202,211942,206861,201416,201416,206825,219525,232266,245442,252669,255391,253104,247660,238731,227841,220219,213721,213758,223195,239634,257747,266821,272125,272850,272487,265228,257242,250346,257605,265823,279008,284633,286267,279633
394640,52,"Grand Rapids, MI",Msa,MI,261717,270217,281917,291833,298300,299967,298300,293500,288467,285433,286900,288567,289900,292933,299543,308210,313510,313567,310900,305900,302167,296167,292833,289900,292933,297933,306300,313267,318267,319933,321600,321633,321600,318267,318233,319567,324153,332486,341153,348267,354933
395167,53,"Tucson, AZ",Msa,AZ,260933,264300,269333,275000,280000,281333,281300,280467,282467,282497,281497,279663,279667,282333,288167,294500,298633,297967,296150,293350,293183,293333,293833,292300,292633,294933,298300,298933,300508,308842,319842,329967,328300,323400,320066,321761,327725,336058,351030,367150,378817
753924,54,"Urban Honolulu, HI",Msa,HI,663353,661687,654650,648317,651317,658180,663180,668513,671167,669167,664167,659667,666333,668667,673167,669833,670500,669333,669000,667300,660633,654633,649667,649333,645333,640667,632667,623333,611333,606333,609000,609333,601000,591667,591333,599667,,,,,
395169,55,"Tulsa, OK",Msa,OK,192546,193828,197924,203239,206366,206991,206366,206335,206022,205991,205991,206147,206178,208992,215090,222906,229504,232631,234163,233381,234109,235672,238017,239134,237571,237540,240698,246951,254799,264148,272278,276968,276999,277779,277873,277300,276242,276909,290409,303167,313069
394619,56,"Fresno, CA",Msa,CA,335533,333496,333496,336224,340021,343439,343474,341747,338295,336488,334589,331171,326764,325211,327282,335222,346270,356972,365258,366259,365223,360217,355881,352774,352429,355073,360252,362492,368358,375263,385623,391841,393532,392597,392597,390905,390618,389396,392510,402543,415910
395238,57,"Worcester, MA",Msa,MA,278248,281428,287760,297268,308239,314631,317525,315776,314154,309670,306490,303024,301434,303342,311578,324298,335397,343378,344627,341447,336358,332916,331358,330054,329386,330976,340516,351328,363413,371394,377786,381443,381284,382417,385342,391600,,,,,
394415,58,"Stamford, CT",Msa,CT,683394,719306,762294,787183,793192,790739,776872,760196,745973,745618,742062,738684,735129,739004,751627,765849,772996,763751,746293,721404,704336,699038,704372,708959,712337,723004,735484,742773,752373,770152,789352,795397,785085,774418,760196,753085,747101,778528,807967,824633,814633
394312,59,"Albuquerque, NM",Msa,NM,239193,240825,245591,252119,258354,261455,259790,255220,249671,248039,248039,249508,249541,252772,257831,264360,268309,271410,272912,273728,273564,273662,273346,272040,273542,280220,288364,293423,300281,313354,328042,336216,336864,337060,335538,336209,336734,338965,346333,353000,362967
394308,60,"Albany, NY",Msa,NY,238737,242408,246443,247897,249533,251713,256003,259419,259419,258765,258983,258983,257893,258038,261491,266580,270215,272214,274358,273873,270202,266567,265271,265308,263490,264217,267852,275122,283119,295732,306636,312452,,,,293245,,,,,
394938,61,"Omaha, NE",Msa,NE,278620,286498,294908,305058,310352,310386,307009,303631,301082,294816,288365,285848,288719,297163,310673,323508,330264,327279,323316,318261,312125,302410,294123,291378,293945,302972,312135,318890,323137,327511,331868,331969,327561,324416,320833,320907,320884,327694,335577,342318,342652
394908,62,"New Haven, CT",Msa,CT,284322,290987,301142,313006,321381,326963,327277,322741,317472,313668,310178,304978,301105,302817,309759,319215,324310,324347,319077,314016,308747,305257,303165,301456,299711,299711,304910,310144,320962,330593,344551,348040,347168,340189,334955,326196,319534,316282,321600,334116,347417
394357,63,"Bakersfield, CA",Msa,CA,248963,251881,257301,263393,266888,268171,267690,264483,259673,254863,251368,248482,246847,245564,248162,254716,261129,264657,265830,264868,262941,258420,256143,254831,256146,257782,262303,264227,265830,266087,269293,276989,285038,293022,294626,289848,283774,281292,286633,293333,303333
394753,64,"Knoxville, TN",Msa,TN,264600,263567,267233,277233,286900,291933,290267,283600,276600,271300,266333,266000,263000,263967,266933,276767,288467,295800,299267,299900,298233,293267,284967,278333,275000,277333,285633,293933,303233,313267,328300,340000,339967,330267,315233,305233,299900,303233,312600,335933,355933
394653,65,"Greenville, SC",Msa,SC,255338,257011,261352,267360,271361,274299,274582,274267,269505,264787,260352,257867,256326,257458,262805,270669,277275,278187,274821,268656,265385,264001,263969,262554,261013,263906,268310,271456,274286,279319,284038,285925,284667,285302,283013,280000,275930,275097,280097,292926,304493
394952,66,"Ventura, CA",Msa,CA,779650,780983,777650,785667,779319,772619,756286,747933,728267,711567,696267,689600,687800,691133,700833,712333,725667,739300,749633,761633,774667,784633,784617,781283,782983,796333,813333,809966,804633,807967,832667,856317,867983,871567,864750,864750,,,,,
394318,67,"Allentown, PA",Msa,PA,222933,222933,225967,232300,237300,240267,242567,241567,237266,232266,228300,226600,224633,226267,231267,238267,244633,248000,251300,251600,250233,246900,243600,241600,239967,243300,253300,261600,268233,269933,277967,284333,289000,290967,291267,293267,294967,308300,318967,327297,327297
394561,68,"El Paso, TX",Msa,TX,182928,183127,183319,184024,184548,186356,188508,190876,191418,191635,191798,193244,196137,199210,201904,203875,205881,207508,207508,206749,206044,206062,207526,207508,207508,206062,206062,205682,206588,208414,212021,214713,216503,217214,,,,231473,233283,236283,242283
394367,69,"Baton Rouge, LA",Msa,LA,230800,231600,234600,239600,244600,248266,248600,246800,244967,243000,241500,239966,239967,241300,243633,247993,252993,255693,254667,250967,247467,245133,243133,241633,240600,241600,244900,247933,249655,252988,257622,263600,267600,270933,271567,270900,269600,271267,276297,284963,293297
394521,70,"Dayton, OH",Msa,OH,136362,134235,138134,143414,148765,153726,159041,161132,159360,155817,153336,151564,151510,152219,157534,162904,171409,178496,187356,191254,189482,183139,178567,175764,174347,177146,188844,201211,212551,217831,218540,215599,212055,212883,212472,210963,209263,215297,219300,224997,229797
394843,71,"McAllen, TX",Msa,TX,192167,190467,190433,191567,193100,194800,194833,195167,196167,195167,193333,190633,189967,192633,195833,200833,204167,207335,207335,204669,201633,199967,199967,199967,199633,199300,199167,199167,202500,208000,215000,218667,223000,227833,231497,230830,227663,227663,231997,238663,244667
394486,72,"Columbia, SC",Msa,SC,192274,192306,196948,204898,212815,219333,220952,220284,218662,217076,219365,220987,225089,226027,227616,231146,234659,237521,234628,230176,225693,222513,219651,217262,217262,220605,224931,229512,233482,236315,239381,241766,241766,240985,240661,242201,243725,245791,249924,255100,260544
394648,73,"Greensboro, NC",Msa,NC,197567,201067,208733,220717,230717,237083,242967,249633,256300,257966,254600,250233,248600,251933,259933,269900,279900,282933,281267,274300,271267,267933,265900,263233,261267,260267,262633,262967,269667,278333,290000,296667,293333,286478,275808,269142,267497,268000,274663,283163,292327
394304,74,"Akron, OH",Msa,OH,145900,143933,144633,151233,159867,168167,173233,172933,169300,164300,159600,154900,151567,151600,154967,159967,166633,173267,177967,177933,173967,169267,163633,157600,152600,152350,157350,164017,171433,178133,184500,187667,184333,179667,171633,164967,157633,155967,162600,173233,181600
753906,75,"North Port-Sarasota-Bradenton, FL",Msa,FL,358133,359467,359800,359633,361633,364840,368474,367807,362933,358630,354963,353297,353967,356300,361300,366633,372232,377199,377199,374966,371000,370540,372540,374873,375333,375000,375000,370777,367383,366380,372237,376963,379300,379300,379600,382567,,,,,
394798,76,"Little Rock, AR",Msa,AR,167982,170429,172158,174574,176746,178275,178000,176440,174911,175064,175094,175094,174299,175064,177847,182160,189043,193937,197302,197302,195773,194243,192393,191475,190863,191184,194855,198526,203114,204919,206112,204582,204613,205381,209190,211441,213851,214411,220000,225000,229966
395134,77,"Stockton, CA",Msa,CA,355839,357674,356150,357705,358654,364876,366431,365513,362387,359245,357379,355839,352759,351515,354315,366758,382000,394443,402220,408037,409904,408279,407439,408839,407321,405490,405334,406905,408426,414648,424929,436379,441356,441979,440140,441338,445133,458958,466633,482633,489267
394457,78,"Charleston, SC",Msa,SC,367643,369822,373655,379793,385318,388080,388233,383630,377338,371246,367410,364650,363990,367796,376697,385137,389771,391305,389449,383310,375607,369761,368195,367919,367796,370153,376595,380401,387251,392625,401553,407415,410944,413935,415768,419633,423130,433466,445133,461636,478000
395143,79,"Syracuse, NY",Msa,NY,134385,135584,138627,144448,147636,149099,150298,151498,151527,150328,149128,148806,148806,150269,153487,159337,165188,170161,171623,170044,167733,164808,163462,162292,162877,165802,170161,178088,185401,192714,195932,197359,197388,198237,197451,196633,193267,199783,209783,226483,236650
394484,80,"Colorado Springs, CO",Msa,CO,480997,479175,474804,471383,469525,456738,440710,423625,414554,410912,409819,409819,416531,425602,440173,447996,457103,462567,473495,475317,474953,469488,471310,469853,468068,464461,469925,477578,486649,490292,495389,495389,489925,479324,472714,470893,,,,,
395235,81,"Winston-Salem, NC",Msa,NC,209900,211567,213267,216600,218267,221600,230267,240300,248600,249633,247633,245667,245633,249300,256300,265667,276348,283015,285648,284133,282467,280800,278720,277020,275353,279900,285567,288692,292025,298025,306600,308393,304827,298127,290333,283897,282063,283397,287033,287493,289126
395224,82,"Wichita, KS",Msa,KS,176600,182600,190933,200933,206567,208233,205933,202600,200300,198183,193883,190217,189667,193967,202267,210600,219517,224700,224533,221150,217000,215500,213167,208133,202917,201417,209617,219767,234433,248410,261010,264577,,,,228981,228300,234967,244933,251600,248267
395115,83,"Springfield, MA",Msa,MA,242167,243753,249381,257466,264929,268629,268629,264276,257777,251558,246893,242229,239089,237534,242478,251838,265519,274848,278237,277926,276092,273946,268038,263374,260544,263654,273262,285700,298418,309332,318660,324879,323294,321126,317292,311267,304300,304333,318000,340000,351667
394440,84,"Fort Myers, FL",Msa,FL,253134,253162,253162,253725,253697,253669,253078,252825,252572,252529,252529,251404,250695,250695,251821,252318,252318,252318,251974,250849,249443,249787,251165,254844,257939,263311,266962,267072,267326,269841,274794,276228,275103,274540,274540,274512,,,,,
394399,85,"Boise City, ID",Msa,ID,326467,343133,348300,354807,356993,361993,360452,354963,351612,348312,344979,341630,341293,345297,354730,368367,381000,388233,388267,384933,379967,373967,370333,368633,372900,379833,388863,393930,397326,403330,413330,422300,428747,433249,444279,452099,460260,468563,482630,505963,531327
395160,86,"Toledo, OH",Msa,OH,126933,125600,130133,136800,144800,148267,149900,147767,145467,143167,141967,140933,139900,141017,148883,160583,174500,181667,183300,179433,172767,167767,163267,161567,159900,159900,161567,166600,179267,190933,201267,208633,208666,206633,193266,185600,178933,185600,189900,191567,186600
394816,87,"Madison, WI",Msa,WI,293233,299933,309267,315933,318933,319600,319600,316567,311567,304933,301600,301600,304933,314933,326600,334900,337933,337133,335500,332467,328300,326600,324933,324900,326567,331600,339933,346600,351233,354100,354100,351100,343267,341600,341400,346367,351367,357900,362900,364600,368267
394766,88,"Lakeland, FL",Msa,FL,230109,230488,232211,235656,237379,237758,237928,237894,236481,234554,232521,232176,232176,232517,232552,233964,237066,239788,241335,240722,239922,238720,237924,237689,237689,239429,241326,242357,242202,242096,244478,247062,250470,252448,254041,255992,257984,260395,265325,275358,287933
394931,89,"Ogden, UT",Msa,UT,343465,352148,366097,377884,384859,387998,388416,385661,380744,374816,372374,374118,381790,390160,398564,405574,409061,405922,400308,395425,389148,379035,371712,371011,380113,391119,399840,401200,406062,416524,432251,439366,442818,443941,450090,457581,,,,,
394528,90,"Daytona Beach, FL",Msa,FL,269600,270297,271764,274764,279401,284300,287483,287017,283850,280300,276967,275133,274467,274633,276633,281000,285833,288833,287800,284600,280947,278313,277647,278133,278800,281167,283663,283963,282297,281600,284669,287669,289669,289967,291300,291000,292667,296667,303333,313333,321633
394531,91,"Des Moines, IA",Msa,IA,280767,284433,289767,295300,298433,299600,298933,295600,292133,289600,287967,284967,282993,283809,287109,290083,290900,290900,287933,282967,276333,268550,263517,259753,261037,264370,269767,273233,276567,279930,282875,282442,279365,275087,272187,271100,272800,276500,282333,290400,300067
394711,92,"Jackson, MS",Msa,MS,233105,233074,233357,236512,239667,242853,242853,241276,236828,232096,228941,227048,227048,228657,231685,237711,242412,246907,246907,246308,243705,242727,241781,244746,247270,250078,250740,252633,257712,266546,277903,285632,288534,288663,288934,287967,284333,281300,277800,278100,281133
394352,94,"Augusta, GA",Msa,GA,213897,215850,219076,222507,225425,227038,225618,222392,219167,217683,216070,214908,213941,213941,216715,222231,228360,229973,229770,228770,229125,228006,226102,224167,222747,224328,227231,231909,236780,241757,243495,246688,250066,255246,254705,252552,249933,251633,254967,261300,269600
394666,96,"Harrisburg, PA",Msa,PA,210381,215229,224662,234095,243866,247586,247586,245632,245294,244881,238977,233678,230709,232554,234508,237890,242400,249879,257395,262657,262657,260740,259237,259199,258974,262018,267505,273367,277501,281410,284942,285093,282687,281251,276523,273100,270900,279433,293333,309730,320530
395006,100,"Provo, UT",Msa,UT,380763,388932,399511,404296,400229,393376,389958,389274,387292,384181,379055,375944,375637,379704,387219,392312,394508,393829,395572,397819,399152,397067,393683,392350,394059,400895,411115,415833,420960,426087,441816,456820,469715,475621,483171,488765,496462,498394,499600,507967,523963
394602,159,"Fort Collins, CO",Msa,CO,441940,444655,447905,449317,452983,456738,455388,452245,445190,441857,438333,436667,435000,436333,438987,441160,444793,447107,446583,441600,436633,434983,435963,436643,441476,448513,459167,464300,466300,469300,474000,477333,473000,466667,463333,463983,,,,,
